"","Age","L","Median","S","C1","C3","C5","C15","C25","C50","C75","C85","C95","C97","C99"
"1",60,-0.689625554827017,16.8388265200022,0.0945110059271597,13.6961535125788,14.2298083364715,14.5247537094745,15.3266147038114,15.832914533443,16.8388265200022,17.9576590683783,18.6214882761954,19.8523179908541,20.3723676255869,21.4270696486105
"2",61,-0.707809636915179,16.8864822677809,0.0949659555284186,13.7273315217714,14.2627387700041,14.5588304481695,15.3644631881878,15.8736486638751,16.8864822677809,18.0148941083138,18.6853542462795,19.9303850005682,20.4571903698263,21.5269923330247
"3",62,-0.725862014169893,16.9343381988398,0.0954256401021959,13.7585770049312,14.2957311862614,14.5929694640417,15.4023908204878,15.9144878718504,16.9343381988398,18.0724763881064,18.7496639766813,20.0091080919047,20.5427771368072,21.627941654076
"4",63,-0.743764358564621,16.982409070995,0.0958900118489381,13.789897317478,14.3287951453663,14.6271813474557,15.4404103416276,15.9554458146367,16.982409070995,18.1304215087595,18.8144335367016,20.0885042971128,20.6291455165926,21.7299369794872
"5",64,-0.761493363346777,17.0307092174708,0.0963590437510659,13.821298018336,14.3619384842041,14.6614750248461,15.4785330825746,15.9965349902924,17.0307092174708,18.188745112246,18.8796788078283,20.1685890535708,20.7163105390827,21.832992501783
"6",65,-0.779025339714301,17.0792533176112,0.0968327104392189,13.8527851148288,14.3951692402091,14.695859518845,15.5167703251367,16.0377678772992,17.0792533176112,18.2474635315293,18.9454162807983,20.2493776861211,20.8042865993104,21.9371203279516
"7",66,-0.796336213758422,17.128054780329,0.0973110049937303,13.8843623282193,14.4284935277998,14.7303421073838,15.5551319809582,16.0791557149512,17.128054780329,18.3065916858561,19.0116610421297,20.3308842371185,20.8930868736123,22.0423314496647
"8",67,-0.813398456363407,17.177125328929,0.0977939285941548,13.9160307184653,14.4619150166131,14.7649277358723,15.5936259040165,16.120707833553,17.177125328929,18.3661427310286,19.0784260984005,20.413119486198,20.9827205258337,22.1486308317517
"9",68,-0.830184391572711,17.2264775491158,0.0982814403036319,13.9477937017925,14.4954391579364,14.7996228567222,15.6322608989892,16.1624343351021,17.2264775491158,18.4261306711746,19.1457248499137,20.4960928612446,21.0731942793768,22.2560181373318
"10",69,-0.846666990808836,17.2761251780151,0.098773433854948,13.9796581311257,14.5290741273876,14.8344362952542,15.6710473788549,16.2043466222137,17.2761251780151,18.4865703991884,19.2135709804555,20.5798120251679,21.1645118612394,22.3644868419318
"11",70,-0.862821534744809,17.3260823091709,0.0992697957036865,14.0116328422499,14.5628292331918,14.8693776166477,15.7099957678518,16.2464559541075,17.3260823091709,18.5474778747342,19.281979192836,20.6642846185501,21.2566761671082,22.474027257371
"12",71,-0.878626698932628,17.376366135023,0.0997704178352803,14.043729881997,14.5967167931207,14.9044593115429,15.7491192961951,16.2887764130305,17.376366135023,18.6088726658494,19.3509680841955,20.7495225905743,21.349694506234,22.5846341333473
"13",72,-0.894066629392249,17.426996084218,0.100275196139443,14.0759636291656,14.6307515777478,14.9396963787003,15.7884337765853,16.331324626993,17.426996084218,18.6707765426022,19.420558877459,20.8355420758832,21.4435792943127,22.6963095942382
"14",73,-0.909129462736019,17.4779922570926,0.100784030683515,14.1083492194571,14.6649492453925,14.9751047630926,15.8279560452889,16.3741182105862,17.4779922570926,18.7332118090283,19.4907736089375,20.9223611676206,21.5383455995063,22.8090601390588
"15",74,-0.923804802001666,17.5293756966421,0.101296808655077,14.1409030177326,14.6993266508061,15.0107015872628,15.867704056028,16.4171758474018,17.5293756966421,18.796201599214,19.5616351068074,21.0099986650232,21.6340091285757,22.9228926508342
"16",75,-0.938082228871621,17.5811660739475,0.101813398376828,14.173640421819,14.7338997121097,15.0465030408452,15.9076947809316,16.4605151559841,17.5811660739475,18.8597672146691,19.6331640626319,21.0984705191931,21.7305823501398,23.03780974511
"17",76,-0.951951527343981,17.6333806246462,0.102333681739812,14.2065736985562,14.768681617658,15.0825227715119,15.9479429975689,16.50415162426,17.6333806246462,18.9239270853175,19.70537825224,21.1877900098183,21.8280752508618,23.1538120100334
"18",77,-0.965403678412106,17.6860354034787,0.102857585458389,14.2397117032975,14.803683077712,15.1187724008157,15.9884623701608,16.5480998950917,17.6860354034787,18.9886980578563,19.7782942541144,21.2779710760035,21.9264996582448,23.2709049071329
"19",78,-0.978433101671191,17.7391453576877,0.10338505972948,14.2730626804619,14.8389139416481,15.1552625789563,16.0292653951831,16.5923734004785,17.7391453576877,19.0540962624837,19.8519282933409,21.3690282384593,22.0258684765541,23.3890961460157
"20",79,-0.991037338578559,17.7927249585481,0.103916040212577,14.3066356719832,14.8743845553459,15.192004301489,16.0703645581555,16.6369853765991,17.7927249585481,19.1201372255959,19.9262960337007,21.4609757716726,22.1261945863712,23.5083940116537
"21",80,-1.00321390461351,17.8467888052541,0.104450407089682,14.3404409576654,14.9101064726889,15.2290097356485,16.1117733269668,16.6819498377119,17.8467888052541,19.1868356756803,20.0014117838457,21.5538255010888,22.2274879116557,23.6288026654097
"22",81,-1.01495933352065,17.9013515195592,0.10498799084506,14.3744897177123,14.9460920907151,15.2662918480694,16.1535057978523,16.7272812712617,17.9013515195592,19.2542055891332,20.0772884860641,21.6475863851477,22.3297547104738,23.7503206160695
"23",82,-1.02626944100783,17.9564262962668,0.105528590268654,14.4087923852078,14.9823530404174,15.3038628174497,16.195575166304,16.7729931414215,17.9564262962668,19.3222588271265,20.1539364533308,21.7422635338721,22.4329967484437,23.8729402698167
"24",83,-1.03714163325908,18.0120242670411,0.106071989628806,14.4433580862244,15.0188996594567,15.3417335232435,16.2379932366228,16.8190973817079,18.0120242670411,19.3910045627369,20.2313631173095,21.8378591475235,22.5372129814209,23.9966515889708
"25",84,-1.04757513216466,18.068154939616,0.106617929734988,14.4781961015241,15.0557421989567,15.3799146204472,16.2807711837502,16.8656050051099,18.068154939616,19.4604495114772,20.3095730185627,21.9343718406696,22.6423985176147,24.1214401805933
"26",85,-1.05757207754054,18.1248268316522,0.107166129204056,14.5133159120779,15.0928910295794,15.4184168293778,16.3239200382472,16.9125266757101,18.1248268316522,19.5305987618575,20.3885689716917,22.0317988908335,22.7485475128562,24.2472918744085
"27",86,-1.06713840589143,18.1820478141859,0.107716300561665,14.5487273300331,15.1303567763348,15.4572510781924,16.3674508700552,16.9598729334959,18.1820478141859,19.6014563842734,20.4683529416736,22.1301378678883,22.8556552320132,24.3741959028177
"28",87,-1.07628049302604,18.239823930547,0.108268134586533,14.5844400730097,15.1681493862892,15.496427330606,16.4113731746247,17.0076525170151,18.239823930547,19.6730245820639,20.5489246764213,22.2293828353201,22.9637126440982,24.5021351403528
"29",88,-1.08500469576203,18.2981604624213,0.108821292663024,14.6204647089828,15.2062791095753,15.5359555832962,16.455695903711,17.0558734088658,18.2981604624213,19.7453047258181,20.6302826663484,22.3295250372172,23.0727069347369,24.6310861357944
"30",89,-1.09331927862268,18.3570632328176,0.109375409321802,14.6568137476587,15.2447577955246,15.5758472568728,16.5004290190846,17.104544396252,18.3570632328176,19.8182985148696,20.7124255801718,22.4305555871667,23.1826250220874,24.7610248797953
"31",90,-1.10123533968637,18.4165371855083,0.109930102239492,14.6934996036893,15.2835973571759,15.6161138926694,16.5455825975854,17.1536742127242,18.4165371855083,19.8920059317537,20.7953503639009,22.532464897066,23.2934539642327,24.8919299906994
"32",91,-1.10876227082802,18.4765844750896,0.11048496914135,14.730531885665,15.3228072618237,15.6567647432259,16.5911646537237,17.2032694784374,18.4765844750896,19.966423031823,20.8790494574437,22.635237961999,23.4051750578994,25.0237736518293
"33",92,-1.11590897138115,18.5372062976507,0.111039562898737,14.7679204303175,15.3623971238306,15.697809149181,16.6371830643719,17.2533364693603,18.5372062976507,20.0415439579476,20.9635127393773,22.7388558338645,23.5177649904515,25.1565219003334
"34",93,-1.12268351832162,18.5984028394385,0.111593401316366,14.8056751618482,15.402376460712,15.739256252061,16.6836452309064,17.3038808129132,18.5984028394385,20.1173611851653,21.0487278100099,22.8432956898088,23.6311957045415,25.2901338606019
"35",94,-1.12909394536469,18.6601736114713,0.112145943463181,14.8438067681602,15.4427555367919,15.7811159045648,16.7305590438024,17.354908362215,18.6601736114713,20.193865193596,21.134679505982,22.9485305337821,23.7454343645445,25.4245625970649
"36",95,-1.13515048849522,18.7225161473957,0.112696648938792,14.8823243640074,15.4835432831209,15.823396728642,16.7779312764776,17.4064237486399,18.7225161473957,20.2710436617752,21.2213498723925,23.0545316748649,23.8604473381823,25.5597630455533
"37",96,-1.14086815128786,18.7854269490801,0.113244972349184,14.9212383280323,15.5247492934269,15.8661077071893,16.8257683703916,17.4584309421653,18.7854269490801,20.3488832826523,21.3087202591732,23.1612709377519,23.9762023351368,25.6956938577813
"38",97,-1.14626354641626,18.8489014489528,0.113790348394724,14.9605598276036,15.5663834662958,15.90925788175,16.8740762549936,17.5109331316365,18.8489014489528,20.4273694720461,21.3967705557606,23.2687182929497,24.0926650475186,25.8323113901002
"39",98,-1.15135188667802,18.912933737229,0.11433222976248,15.000297885034,15.6084538727209,15.9528546229734,16.9228595182756,17.563932271735,18.912933737229,20.5064859666938,21.4854788497616,23.3768418541651,24.2097993509843,25.9695703775033
"40",99,-1.15614570468916,18.9775165177969,0.114870081312057,15.0404594124858,15.6509666602454,15.9969034744072,16.9721211512799,17.6174288324956,18.9775165177969,20.5862148868469,21.5748212654379,23.4856066748547,24.3275654006955,26.1074200820634
"41",100,-1.1606562816839,19.0426417546708,0.115403369008725,15.0810503372683,15.693927140664,16.0414092155398,17.0218635206162,17.6714226885248,19.0426417546707,20.6665372121734,21.6647725050485,23.5949757785395,24.4459210225066,26.2458067301199
"42",101,-1.16489279283883,19.1083007032984,0.115931586517602,15.1220741930266,15.7373387953058,16.0863750783877,17.0720880672481,17.7259130267868,19.1083007032983,20.747432857455,21.7553061056219,23.7049110599232,24.5648229998005,26.3846757819893
"43",102,-1.16886628994024,19.1744840199268,0.116454241471573,15.1635338947599,15.7812047061274,16.1318039983935,17.1227961038951,17.7808988854934,19.1744840199267,20.8288807286348,21.8463948299698,23.8153751572974,24.6842299552565,26.5239776881872
"44",103,-1.17258907207537,19.2411813491772,0.116970849002229,15.2054313159336,15.8255271968507,16.1776982835885,17.1739885258127,17.8363788575368,19.2411813491771,20.9108580819006,21.9380098799575,23.9263303733185,24.8041011360519,26.6636663732476
"45",104,-1.1760738677714,19.3083812390169,0.117480929788236,15.2477677888472,15.8703079163611,16.2240595011964,17.2256653370935,17.8923505683025,19.3083812390167,20.9933409508079,22.0301212014673,24.0377378508813,24.924394752532,26.8036951764813
"46",105,-1.17933630136403,19.3760721525982,0.117984034976357,15.2905456228126,15.9155489581475,16.2708894131451,17.2778262597518,17.9488112478971,19.3760721525979,21.0763061446319,22.1227001328051,24.1495616322788,25.0450727535247,26.9440233898481
"47",106,-1.1823917259699,19.444241614981,0.118479701981601,15.3337668513149,15.9612521145596,16.3181894577525,17.330470586734,18.0057575820452,19.4442416149807,21.159728971446,22.2157162244327,24.2617635917136,25.1660948294544,27.0846080275173
"48",107,-1.18525508091945,19.5128769546405,0.118967462314846,15.3774337769726,16.0074193521779,16.3659611979212,17.3835976130162,18.0631861897348,19.5128769546401,21.2435843199616,22.309138422247,24.3743045918243,25.2874194723667,27.2254045245753
"49",108,-1.18794207163745,19.5819662975194,0.11944683760518,15.4215502323242,16.0540540293968,16.4142075152064,17.4372077645343,18.1210947081542,19.5819662975188,21.3278476911072,22.4029362640068,24.4871463140004,25.4090062184844,27.3663701248042
"50",109,-1.19047077210702,19.6514982618945,0.119917354334874,15.4661216072492,16.1011607842431,16.4629324308956,17.4913022839391,18.179481435989,19.6514982618938,21.4124952362903,22.4970802936961,24.6002527832808,25.5308178328024,27.5074678274128
"51",110,-1.19286006838953,19.7214618687062,0.120378540941586,15.5111541308076,16.1487450468756,16.5121407311912,17.5458830928564,18.2383452788515,19.7214618687053,21.4975033985146,22.5915414793756,24.7135892023958,25.6528188100781,27.6486640079379
"52",111,-1.19512845571567,19.7918459254958,0.120829892216615,15.5566548331015,16.1968130235886,16.5618379478017,17.6009526948218,18.2976855406934,19.7918459254947,21.582847537902,22.6862892372859,24.8271184980376,25.7749711288454,27.7899221929764
"53",112,-1.19729324666786,19.8626386131415,0.121270922826186,15.6026300898592,16.2453700959177,16.6120287125399,17.6565125870318,18.3575005503551,19.8626386131401,21.6685027710564,22.7812927363268,24.9408028844056,25.8972356843694,27.9312037575479
"54",113,-1.19937011732784,19.9338283929218,0.12170120177333,15.6490844665122,16.2944202941498,16.6627165511651,17.7125637749751,18.4177884720849,19.9338283929202,21.754444923022,22.8765222417447,25.054606707948,26.019576074023,28.0724742094853
"55",114,-1.20137422460864,20.0054039524444,0.122120308147785,15.69602270439,16.3439677877248,16.7139051136099,17.7691073740919,18.4785475962189,20.0054039524425,21.8406501574927,22.971948385558,25.1684946943757,26.1419562765209,28.2136994683179
"56",115,-1.20332054395638,20.0773537857576,0.122527828130967,15.7434496027457,16.39401671107,16.7655979690386,17.8261443231776,18.5397760037752,20.0773537857554,21.9270944997882,23.067541679565,25.2824314990695,26.2643402440542,28.3548456004145
"57",116,-1.20522639880007,20.1496661620196,0.122923380760792,15.7913699799833,16.4445711522547,16.8177986099435,17.8836754178501,18.6014715971692,20.1496661620168,22.0137541551686,23.1632735189268,25.3963850871251,26.3866967733544,28.4958877605963
"58",117,-1.2071127811479,20.2223290264832,0.123306553319274,15.8397905526069,16.4956369139074,16.8705121224912,17.9417026126517,18.663633049982,20.22232902648,22.1006041457068,23.2591142762644,25.5103242974492,26.5089970473599,28.6368081127158
"59",118,-1.20900167490004,20.2953299418635,0.123676928307891,15.8887186985041,16.5472202658429,16.9237439544112,18.0002279451446,18.7262589511846,20.2953299418597,22.1876189645795,23.3550338830491,25.6242181632453,26.6312129434853,28.7775910850476
"60",119,-1.21091435056368,20.3686562565266,0.124034091408486,15.9381621717678,16.5993275648781,16.977499498886,18.0592531146211,18.7893474804341,20.3686562565221,22.2747731612124,23.4510022572268,25.7380351249482,26.7533153403074,28.9182190181964
"61",120,-1.21287295152914,20.4422950922448,0.124377625949591,15.9881303923967,16.6519660670515,17.0317846691299,18.1187795475867,18.8528962952884,20.4422950922394,22.3620417572471,23.5469898862674,25.8517437677183,26.8752748816773,29.0586729565082
"62",121,-1.21490168858519,20.5162330686116,0.124707174623752,16.0386330045752,16.705142567009,17.0866045980013,18.1788073263712,18.9169016636573,20.5162330686052,22.449401069228,23.6429695806494,25.9653169544552,26.9970674129449,29.1989413859708
"63",122,-1.21702628825925,20.5904560023115,0.125022417707583,16.0896789628983,16.7588630918435,17.141963614545,18.2393356608378,18.981358966539,20.5904560023039,22.5368271619427,23.7389145965404,26.0787302106977,27.1186728172904,29.3390206401967
"64",123,-1.21927267666924,20.6649487223749,0.125323042341795,16.1412769333191,16.8131331818218,17.1978654576215,18.3003629285425,19.0462626456445,20.6649487223658,22.6242952378142,23.8347974392996,26.191958675901,27.2400708511691,29.4789077665514
"65",124,-1.2216654271972,20.7396953808752,0.125608754558459,16.1934344014805,16.867957285476,17.2543128209768,18.3618865840583,19.1116062977327,20.7396953808643,22.7117799615964,23.930590100513,26.304976930094,27.3612406758208,29.6185991737763
"66",125,-1.22422463077988,20.8146797455726,0.125879292140288,16.2461558577129,16.9233375104627,17.3113063950899,18.4239028818334,19.1773827141532,20.8146797455594,22.7992555073401,24.0262637580485,26.4177575226447,27.482158625952,29.7580862245256
"67",126,-1.22696784930644,20.8898858511358,0.126134400575477,16.299445557089,16.9792756462884,17.368846520504,18.4864077276939,19.2435844395237,20.8898858511198,22.8866966640994,24.1217899038212,26.530271635082,27.6027984960282,29.8973544511912
"68",127,-1.22991066118172,20.9652976878979,0.126373871731871,16.3533066303014,17.0357721908953,17.4269321885328,18.5493957091116,19.310202919881,20.9652976878785,22.9740794089158,24.2171414539752,26.6424912300826,27.7231341610513,30.0363872288816
"69",128,-1.2330678134863,21.0408979115661,0.126597542996749,16.4077402296865,17.0928255307598,17.4855602296686,18.6128592476338,19.3772275695006,21.0408979115423,23.0613793271212,24.3122912746795,26.7543884098168,27.8431395620939,30.1751676198453
"70",129,-1.23645239576262,21.1166672231267,0.126805291104118,16.4627446527054,17.1504312174726,17.5447246628466,18.6767880865825,19.4446452861862,21.1166672230974,23.1485706365488,24.4072109544772,26.8659336014599,27.9627865774192,30.313675438715
"71",130,-1.24007419104252,21.1925854847131,0.126997027114503,16.5183149135974,17.2085821430336,17.60441716957,18.7411703956755,19.5124417634815,21.1925854846768,23.2356266505628,24.5018709857155,26.9770953962806,28.0820447559026,30.4518867791092
"72",131,-1.24394242517389,21.2686321907431,0.127172676536185,16.5744452712947,17.2672704693089,17.6646287180718,18.8059936973695,19.580602114358,21.2686321906978,23.3225205331417,24.5962417484091,27.0878421634491,28.2008833247878,30.5897771709088
"73",132,-1.24806692678112,21.3447861480694,0.127332199849982,16.6311290349181,17.3264872810778,17.7253491470089,18.8712443332254,19.6491103339144,21.3447861480125,23.4092255324529,24.6902941904632,27.198143863904,28.3192736357443,30.7273256780536
"74",133,-1.2524581374319,21.4210254190155,0.127475568381767,16.6883590718847,17.3862230856723,17.7865676502579,18.9369078600105,19.7179495920714,21.4210254189436,23.4957144101078,24.7839989540367,27.3079706177692,28.4371874936964,30.8645127366826
"75",134,-1.2571304519585,21.4973278811684,0.12760278506615,16.7461289310803,17.4464687833615,17.8482736718912,19.0029697714028,19.7871028698882,21.4973278810769,23.5819605503209,24.877328388002,27.4172978059192,28.5546042202221,31.0013326939802
"76",135,-1.2620989118999,21.573671469609,0.127713908948161,16.8044313272983,17.5072143100309,17.9104556497584,19.0694145925385,19.8565523590702,21.573671469492,23.6679387925115,24.9702571570369,27.5261049038035,28.6715081321223,31.1377872187192
"77",136,-1.26737660801124,21.6500332725361,0.127809025078979,16.8632568137612,17.568447636206,17.9731001663879,19.1362253063533,19.9262789255164,21.6500332723854,23.7536234671546,25.062759377157,27.6343702499703,28.7878819649384,31.2738751802262
"78",137,-1.27297629668237,21.7263887267045,0.127888264567282,16.922593541672,17.6301542318847,18.036191272643,19.2033824004701,19.9962610895816,21.7263887265093,23.8389882462046,25.1548089684502,27.7420726425471,28.903709161466,31.4095967620293
"79",138,-1.27890972485416,21.8027123253293,0.127951802138174,16.9824272004773,17.6923173027188,18.0997108709221,19.2708645623642,20.0664758253781,21.8027123250748,23.9240065552502,25.2463799658158,27.8491916094667,29.0189741734966,31.5449539061682
"80",139,-1.2851866303427,21.8789784502813,0.127999824460315,17.0427419377384,17.754918836338,18.1636398152496,19.3386498489592,20.1368996985977,21.8789784499475,24.008651714823,25.3374461075295,27.9557056060255,29.1336598907094,31.6799457562127
"81",140,-1.29181520926417,21.9551610009456,0.128032548155075,17.1035206305443,17.8179393349032,18.2279573894976,19.40671470285,20.2075078324611,21.9551610005053,24.0928976522178,25.4279818431695,28.0615927997309,29.2477480226044,31.8145676118821
"82",141,-1.29880154019029,22.0312328963154,0.128050219056388,17.1647438417174,17.8813570483971,18.2926406753503,19.4750335883799,20.2782736094482,22.0312328957315,24.1767179898877,25.5179612784998,28.1668299466028,29.3612180093296,31.9488100023935
"83",142,-1.30614724356184,22.10716546164,0.128053158200245,17.2263863990719,17.9451452491899,18.3576621915322,19.5435775099726,20.3491676202928,22.107165460862,24.2600856029741,25.6073578898761,28.2713924394014,29.4740471849225,32.0826589304422
"84",143,-1.31385293329407,22.1829296014599,0.128041777570281,17.2884194317315,18.009273953239,18.4229914608002,19.6123152507367,20.4201587823376,22.1829296004188,24.3429745680701,25.6961474129017,28.3752601538915,29.5862184579927,32.2161086519771
"85",144,-1.32191351276823,22.2584954199222,0.128016583222297,17.3508073070362,18.0737076653105,18.4885931652271,19.6812124565958,20.4912138180727,22.2584954185239,24.4253590165188,25.7843058627185,28.4784128821217,29.6977141088548,32.3491507950141
"86",145,-1.33032084416532,22.3338319895777,0.127978107110615,17.4135106473988,18.1384078572761,18.5544293227967,19.7502329807772,20.5622980684708,22.3338319876942,24.507211898046,25.8718078511901,28.5808282203249,29.8085136927759,32.481772771235
"87",146,-1.33906752115148,22.4089078230642,0.127926875382658,17.4764893968186,18.2033355002285,18.6204615335823,19.8193403999622,20.6333765973936,22.4089078205212,24.5885052889776,25.9586271965643,28.6824837826671,29.9185974474751,32.6139648571355
"88",147,-1.34814819140398,22.4836924322189,0.127863409508259,17.5397054728179,18.2684531118031,18.6866527348129,19.8884991970443,20.7044152478834,22.4836924287792,24.669212960959,26.0447398631821,28.7833603655459,30.0279493935086,32.745722916864
"89",148,-1.35755768097435,22.5581570710731,0.127788235160436,17.603123032085,18.3337248004405,18.7529671517296,19.9576746187762,20.7753806147875,22.5581570664151,24.7493118808382,26.1301252910619,28.8834414548947,30.1365553900552,32.8770419797764
"90",149,-1.36728884420608,22.6322738922992,0.127701897104379,17.6667064424409,18.3991144627121,18.8193686166107,20.0268313134279,20.8462388720951,22.6322738859877,24.8287814361469,26.2147653822811,28.9827110105115,30.2444000281543,33.0079103726088
"91",150,-1.37732726840581,22.7060156841673,0.127604981068476,17.7304152209264,18.4645824349092,18.8858180786525,20.0959327006291,20.9169558143042,22.7060156756171,24.9076015954102,26.2986419403126,29.0811498111402,30.351462474384,33.138304134977
"92",151,-1.38765354439707,22.779355438833,0.127498060492743,17.7942058917761,18.5300871621725,18.9522751470678,20.1649420618609,20.9874975488362,22.7793554272618,24.9857512727081,26.3817346753673,29.1787336448103,30.457715117246,33.2681874178113
"93",152,-1.39824785926783,22.8522666830721,0.127381675801149,17.8580356782533,18.595587909346,19.018700300886,20.2338236032038,21.0578310609216,22.8522666674403,25.0632092824385,26.4640227587469,29.2754366723985,30.5631280881907,33.39752039353
"94",153,-1.40909156370636,22.9247236241325,0.12725634684632,17.9218629997834,18.6610451249397,19.0850551882421,20.3025426186173,21.1279243285658,22.9247236030663,25.1399548713531,26.545485842963,29.3712340316857,30.6676728700456,33.5262657164028
"95",154,-1.42016531612782,22.9967013445971,0.127122613200454,17.9856461600908,18.7264191319742,19.1513013449836,20.3710644209239,21.1977455302285,22.9967013162937,25.215969019791,26.6261056098517,29.4661028085069,30.7713225391342,33.6543861358852
"96",155,-1.43144990095212,23.0681757075846,0.126981037076838,18.0493435688553,18.7916702660427,19.2174002900995,20.4393543371906,21.2672629919677,23.0681756696945,25.2912344752887,26.7058660164308,29.5600230255321,30.874053235581,33.7818473365045
"97",156,-1.44292717523206,23.1391238430909,0.126832178542015,18.1129148449103,18.8567600823922,19.28331476897,20.5073789382996,21.336446290702,23.1391237925729,25.3657355040736,26.7847529090262,29.6529777438148,30.9758448109965,33.908620479084
"98",157,-1.45457620566156,23.2095231701575,0.12667659629582,18.1763179195324,18.9216490663353,19.3490067696938,20.5751047381186,21.4052652320744,23.2095231031075,25.439456180135,26.862751509843,29.7449479920398,31.0766740990562,34.0346705746485
"99",158,-1.46637331991479,23.2793516766371,0.126514823028097,18.2395099749433,18.9862975279243,19.4144383852666,20.6424989293402,21.4736904703618,23.279351588088,25.512380157055,26.9398458452277,29.8359114168868,31.1765131513828,34.1599536186382
"100",159,-1.47829405446428,23.3485883087744,0.126347381839129,18.3024493020811,19.0506666303404,19.4795724420097,20.7095292319151,21.5416931876991,23.3485881924649,25.5844925605782,27.016021296871,29.9258455735192,31.2753326691775,34.2844199914599
"101",160,-1.490315663216,23.4172133476785,0.126174795872701,18.3650962644015,19.1147192443893,19.5443732968338,20.7761645407797,21.6092456471914,23.4172131957849,25.6557806360969,27.0912659139975,30.014731807485,31.3731076326438,34.4080252606467
"102",161,-1.50241613154742,23.4852077286562,0.125997615644976,18.4274110687891,19.1784181578543,19.6088052732322,20.8423738875537,21.6763203861395,23.4852075314875,25.7262330733819,27.1655699191187,30.102555501595,31.4698180290442,34.5307322277687
"103",162,-1.51457499207963,23.5525525360599,0.125816405809051,18.4893544006397,19.2417264038646,19.6728328305389,20.9081262357909,21.7428898391656,23.5525522817153,25.795839499102,27.2389251513447,30.1893053636026,31.565448068833,34.6525100371557
"104",163,-1.52677291346259,23.6192297051112,0.125631714042899,18.5508887918844,19.3046085529102,19.736421807988,20.9733915726123,21.8089273162604,23.6192293791039,25.864590654794,27.3113247448367,30.2749716872215,31.6599836034905,34.7733292701036
"105",164,-1.53898944936539,23.6852220414542,0.125444086545413,18.6119773666039,19.3670296286556,19.7995384388099,21.038140215263,21.8744065221123,23.6852216263215,25.9324787067309,27.3827632355127,30.3595450385212,31.7534096697499,34.8931557392222
"106",165,-1.55120581802745,23.7505138005124,0.125254064443992,18.6725853927802,19.4289565332152,19.8621507034827,21.102343948592,21.939302530948,23.7505132753895,25.9994978042441,27.453237649333,30.4430198101218,31.8457158389783,35.0119613984109
"107",166,-1.56340724432681,23.8150911568245,0.12506216676864,18.7326814403971,19.4903593876504,19.9242297424732,21.1659774758725,22.0035930901187,23.8150904969571,26.0656437507034,27.5227473890526,30.5253963691982,31.9369002559655,35.1297346189908
"108",167,-1.57557845062708,23.8789410817288,0.12486888786513,18.7922356954998,19.551209593214,19.9857478081889,21.2290162558807,22.0672565896652,23.8789402580143,26.1309133381781,27.5912925834194,30.6066742236112,32.0269589371998,35.2464573710717
"109",168,-1.58770294852022,23.9420509512286,0.124674733545706,18.8512185303995,19.611478413186,20.0466768713677,21.2914352657199,22.1302710140953,23.9420499297832,26.1953048308225,27.6588749727773,30.6868533209314,32.1158870679219,35.3621060075237
"110",169,-1.59976459137075,24.00440829926,0.124480229543268,18.9096003468654,19.6711369152567,20.1069886088984,21.3532090531195,22.1926139671276,24.0044070409882,26.2588176416628,27.7254980108539,30.7659361999133,32.2036826491284,35.4766595289094
"111",170,-1.6117473395631,24.0660016323817,0.124285897606687,18.9673520140563,19.730156882111,20.1666555344033,21.4143132479782,22.2542641957109,24.0660000925657,26.3214519821592,27.7911661258136,30.8439272617022,32.2903460980263,35.5901005956292
"112",171,-1.62363453364692,24.1268208279758,0.124092251588932,19.0244450396052,19.788511025987,20.2256512356648,21.4747248589956,22.3152019229157,24.1268189559287,26.3832091960027,27.8558848677097,30.9208321582039,32.375879098731,35.7024127002637
"113",172,-1.63540882039546,24.1868568615509,0.123899770178433,19.0808518496677,19.846173367981,20.2839507878497,21.5344226746736,22.3754091355491,24.1868546003433,26.4440906056901,27.9196592722271,30.9966553338967,32.4602818155516,35.8135767200148
"114",173,-1.64705160850581,24.246101189108,0.123708923626437,19.1365452822931,19.903118234397,20.341529522944,21.5933856698652,22.4348680296218,24.2460984754539,26.5040982457195,27.9824948894757,31.0714003028125,32.5435522236389,35.9235667234016
"115",174,-1.65854248701914,24.3045455951352,0.123520178011019,19.1914978620878,19.9593197389993,20.398362615967,21.6515928166281,22.4935609013209,24.3045423594574,26.5632345272998,28.0443973808215,31.1450691649233,32.6256855808606,36.0323492201236
"116",175,-1.66986340997719,24.3621830565301,0.123334004771724,19.2456841183097,20.0147536746912,20.4544267621094,21.7090242756279,22.5514711251781,24.362179223009,26.6215037874339,28.1053751109448,31.2176690592261,32.7066835829905,36.1399008024005
"117",176,-1.68100159628583,24.4190075934515,0.123150869268396,19.2990816998939,20.0693985193011,20.5097011130981,21.7656620888057,22.6085836303695,24.4190030799512,26.6789117703937,28.1654390025209,31.2892144739619,32.7865586824746,36.2462192984622
"118",177,-1.6919456223444,24.47501417711,0.122971206826899,19.3516705153324,20.1232347765748,20.5641667180299,21.8214898507455,22.6648846865503,24.4750088953535,26.7354648927173,28.2246006259587,31.3597208632703,32.865324582668,36.3513045605038
"119",178,-1.70268362383492,24.5301987679757,0.122795395333304,19.4034318784036,20.1762447967024,20.61780666263,21.8764934350986,22.7203627122997,24.530192623884,26.7911686936706,28.2828697946898,31.4292007269415,32.9429916383299,36.4551522282768
"120",179,-1.71320390232723,24.5845583316877,0.12262377821367,19.4543478308412,20.228412275929,20.670605662947,21.9306608151267,22.7750082027656,24.5845512257343,26.8460281057866,28.3402552964889,31.4976660753423,33.0195705238421,36.5577611419571
"121",180,-1.7234946113362,24.6380909338716,0.122456669795961,19.5044022923184,20.2797226219773,20.7225500560209,21.9839813549572,22.8288129202149,24.6380827617222,26.900048886993,28.3967663909134,31.5651281547175,33.0950702795629,36.6591255811924
"122",181,-1.73354188138269,24.6907955715346,0.12229434745511,19.5535802632479,20.3301623777949,20.7736273325933,22.0364455763245,22.8817697480175,24.6907862250875,26.9532370276646,28.4524116850785,31.6315944375259,33.1694939779041,36.7592266606836
"123",182,-1.74333097601865,24.742672057768,0.12213705250955,19.6018680354217,20.3797194251366,20.8238263328256,22.0880453078599,22.9338727817814,24.7426614263262,27.0055985548756,28.507199155035,31.6970698047024,33.242840800567,36.8580373276022
"124",183,-1.75284689649244,24.7937209473613,0.121985017545387,19.6492532923699,20.4283826603907,20.8731367284525,22.1387728519987,22.9851165155007,24.7937089190538,27.0571407406467,28.5611379434867,31.7615590558925,33.3151086909806,36.9555249334435
"125",184,-1.76207459959303,24.8439435714383,0.121838461794367,19.6957255665166,20.4761422954594,20.921549245356,22.1886210390571,23.0354958367611,24.8439300349133,27.107872242298,28.6142384756652,31.8250667517747,33.3862939642631,37.0516500448127
"126",185,-1.77100022121611,24.893341403743,0.121697597359581,19.7412760086925,20.5229895407646,20.9690553018698,22.2375827549641,23.0850054923322,24.8933262498787,27.1578025788518,28.6665122417424,31.8875983002564,33.4563933582888,37.1463716505761
"127",186,-1.77961105981797,24.9419166138181,0.121562638774022,19.785896359043,20.5689163414867,21.015647120592,22.2856518134008,23.1336411602591,24.941899737244,27.2069418482296,28.7179716482507,31.9491617414078,33.5254074935807,37.2396563416703
"128",187,-1.78789835949567,24.9896721940919,0.121433820047675,19.8295797438599,20.6139159338807,21.0613181676439,22.3328231475776,23.1813995509155,24.9896534940429,27.2553014574772,28.7686315977323,32.0097725025464,33.5933479208642,37.3314929355778
"129",188,-1.79585542841845,25.0366118636034,0.121311361299903,19.8723208794342,20.6579830875101,21.1060634033235,22.3790930321702,23.2282785671082,25.0365912449948,27.3028932283203,28.8185076497392,32.0694484032932,33.6602300174124,37.4218789070064
"130",189,-1.80347433999966,25.0827404262986,0.12119548739833,19.9141144146618,20.7011128224801,21.1498782023701,22.4244585383206,23.2742770814146,25.0827178013948,27.3497299751485,28.8676162685464,32.1282078162323,33.7260694059612,37.5108106807844
"131",190,-1.81074446118272,25.1280634733699,0.121086417649366,19.9549536132452,20.7432996745663,21.1927578991155,22.4689176211881,23.319395139755,25.1280387636891,27.395824122495,28.915972906717,32.1860669022379,33.790878836774,37.598279650905
"132",191,-1.81765709132559,25.1725871303112,0.120984355025305,19.9948328796867,20.7845394617318,21.2346991647122,22.5124695924854,23.3636340189245,25.1725602675148,27.4411879170955,28.9635929588003,32.2430435921493,33.8546744825702,37.6842864754667
"133",192,-1.82420442672645,25.216318232234,0.12088946932884,20.0337477946988,20.8248294885553,21.2757002885194,22.5551155316985,23.4069966417957,25.2162891590565,27.4858330010471,29.0104908286738,32.2991552242893,33.9174726829459,37.7688351619764
"134",193,-1.83037854015933,25.2592648610889,0.120801872044583,20.0716961593222,20.8641694626115,21.3157620249912,22.5968589624287,23.4494881736329,25.2592335326425,27.5297706285803,29.0566795425317,32.3544158069259,33.9792855301203,37.85192327087
"135",194,-1.83616977754279,25.3014357455575,0.120721610028541,20.1086769480289,20.9025606253574,21.3548868107281,22.6377052472968,23.4911154754941,25.3014021311441,27.5730106628471,29.1021692553308,32.4088327718732,34.040116372561,37.9335332952937
"136",195,-1.84156860030445,25.3428399041719,0.120648693973762,20.1446907997626,20.9400056026946,21.3930783132439,22.6776605827751,23.5318860222366,25.3428039887804,27.6155627420431,29.1469692863802,32.4624107289638,34.0999644391964,38.0136396491713
"137",196,-1.84656824044357,25.3834863996923,0.120583108066812,20.1797408923606,20.9765088893967,21.4303417222698,22.7167318742563,23.5718076219797,25.3834481844898,27.6574366314303,29.1910891631859,32.5151549691145,34.1588301114221,38.0922198643668
"138",197,-1.85116476533715,25.4233845380405,0.120524845790394,20.2138320122655,21.0120760334521,21.4666830082842,22.7549262414204,23.6108881164479,25.4233440403094,27.698643211082,29.2345402514073,32.567074829691,34.216719339142,38.1692621128339
"139",198,-1.85535821340987,25.4625433727557,0.120473925160973,20.2469700602697,21.0467131260731,21.5021084076508,22.7922505012776,23.6491348680848,25.4625006248132,27.739194245785,29.2773359859959,32.6181857594469,34.2736470630428,38.2447732175427
"140",199,-1.85914972837772,25.5009723351417,0.120430360172863,20.2791624566394,21.0804272716511,21.5366249213545,22.8287117260965,23.6865553472671,25.5009273843586,27.7791024841515,29.3194909568257,32.668504328021,34.3296292237697,38.3187606873038
"141",200,-1.86254027384172,25.5386811175403,0.120394151885767,20.3104172879389,21.1132261352062,21.5702400550497,22.8643173592041,23.7231573337099,25.5386340265587,27.8183807800855,29.3610195801023,32.7180459257562,34.3846799169462,38.3912282397609
"142",201,-1.86553217324782,25.5756796956828,0.120365275093517,20.3407437233257,21.145118583401,21.6029625556777,22.8990760568602,23.7589496607781,25.5756305414748,27.8570412861445,29.4019353259617,32.7668256174815,34.4388138140337,38.4621840581871
"143",202,-1.86812776302396,25.6119784137446,0.120343681149763,20.3701522228654,21.176114542243,21.6348021069024,22.932997116203,23.7939416607988,25.6119272875688,27.8950962726238,29.4422513648237,32.8148566852651,34.4920428248994,38.5316306964156
"144",203,-1.87033005035122,25.6475888437647,0.120329306573888,20.3986551844293,21.2062256644021,21.6657700107069,22.9660912057358,23.8281439331049,25.6475358506116,27.932559244507,29.4819820137399,32.8621532411765,34.5443795279967,38.5995711658361
"145",204,-1.8721438868925,25.6825235367144,0.120322107381201,20.4262653830798,21.2354642464179,21.6958783475365,22.9983700556908,23.8615682210362,25.6824687931816,27.9694447349002,29.5211433029352,32.9087344462346,34.5958441802449,38.6660253492959
"146",205,-1.87357451732239,25.7167950848057,0.120322047154675,20.4529948140313,21.2638422523637,21.7251390832706,23.0298457124716,23.8942266828087,25.7167387174395,28.005766765076,29.5597508685568,32.9546206233681,34.6464596298244,38.7310210602083
"147",206,-1.87462751484456,25.7504162768535,0.120329061308874,20.4788561815198,21.2913725311889,21.7535651376831,23.0605312219471,23.9261323608747,25.750358420862,28.0415384898343,29.5978189830641,32.9998302326992,34.696246916694,38.7945853743846
"148",207,-1.87530959325293,25.7834006725979,0.120343063149324,20.5038636389258,21.3180694381498,21.7811709504504,23.0904410942092,23.9572996315332,25.783341470071,28.0767731218121,29.6353617901478,33.044382055974,34.7452280965081,38.8567495342548
"149",208,-1.87563104770056,25.8157619160905,0.120363965585494,20.5280328986079,21.3439485694801,21.8079720360199,23.1195905015588,23.9877433061196,25.8157015127581,28.1114840939445,29.6723943223868,33.0882990557716,34.7934320939104,38.9175614420698
"150",209,-1.87560643997107,25.8475134206896,0.120391709397041,20.5513805949431,21.3690260116213,21.8339841897669,23.1479944611269,24.0174778888988,25.8474519620197,28.145685569437,29.7089336503213,33.1316112478771,34.8408986437855,38.9770928793346
"151",210,-1.87525266506241,25.8786682371789,0.12042628129579,20.5739227176499,21.3933170647465,21.8592223674474,23.175667114111,24.0465170833082,25.8786058652778,28.1793924959996,29.7449988616055,33.174354867059,34.8876766823107,39.0354348924288
"152",211,-1.87458426621308,25.9092387186827,0.120467679165156,20.5956734649591,21.4168354201705,21.8837000162567,23.2026213669809,24.0748735352018,25.9091755723406,28.2126192068011,29.78060808517,33.2165633186532,34.9338108190328,39.09266907003
"153",212,-1.87361336004585,25.9392367245065,0.12051589142547,20.6166461591046,21.4395939371795,21.9074297748395,23.2288693895056,24.1025592156374,25.9391729397919,28.2453793243754,29.8157780363041,33.2582655037173,34.9793388252134,39.1488623389758
"154",213,-1.87235017779121,25.9686745782563,0.120570872200705,20.6368546077368,21.4616061612675,21.9304250542462,23.2544242442199,24.1295869567485,25.9686102888778,28.277685896249,29.8505238500894,33.2994856039508,35.0242916710231,39.2040683045447
"155",214,-1.87080340576852,25.9975642688131,0.1206325730107,20.6563111347927,21.4828846978325,21.9526985897182,23.2792988493624,24.1559695899522,25.9974996057523,28.3095507812566,29.8848590155905,33.3402453129753,35.0686974403906,39.2583366918673
"156",215,-1.86898230989303,26.0259176184749,0.120700955484004,20.675027504008,21.5034417964813,21.9742628613939,23.3035060704221,24.1817199431522,26.0258527085135,28.3409855196568,29.9187969350231,33.3805676656874,35.1125867522756,39.3117240760375
"157",216,-1.86689615613629,26.0537461343095,0.120775968845494,20.6930152891435,21.5232896875144,21.995130404158,23.3270589253101,24.2068509527718,26.0536810992059,28.3720006620967,29.9523497293468,33.4204741850555,35.1559887968587,39.3642863824921
"158",217,-1.86455398887046,26.0810614022514,0.120857537315493,20.7102868783737,21.5424413399291,22.0153144422957,23.3499709578084,24.2313759537298,26.080996358551,28.4026062776485,29.9855285275617,33.4599839293742,35.1989293906527,39.4160735254438
"159",218,-1.86196361255496,26.1078746288727,0.120945578261222,20.7268544839139,21.5609093730473,22.034827766238,23.3722551205211,24.2553076711731,26.1078096885568,28.4328121658731,30.0183437919844,33.4991131600483,35.2414298644543,39.4671251448349
"160",219,-1.85913222022876,26.1341966948402,0.121040012680313,20.7427303369757,21.5787060889513,22.0536826904588,23.393923605775,24.2786580464871,26.1341319657229,28.4626283967487,30.0508061928136,33.5378770441573,35.2835092593786,39.5174742918943
"161",220,-1.85606761638843,26.1600386411732,0.121140758938479,20.7579273171069,21.5958442796715,22.0718919396072,23.4149888396907,24.3014391852725,26.1599742262788,28.4920653102132,30.0829267461805,33.5762913446732,35.3251874156689,39.567155637207
"162",221,-1.85277772303597,26.1854117872849,0.121247723461469,20.772458992454,21.6123373768059,22.0894688477588,23.4354637636244,24.3236636386449,26.1853477845589,28.521133274934,30.1147163052788,33.6143711949847,35.3664832966797,39.6162023795176
"163",222,-1.84927044745734,26.2103271318854,0.121360822793291,20.7863386863883,21.6281983946808,22.1064262530297,23.4553606950731,24.345343341439,26.2102636340633,28.5498428062969,30.1461860313349,33.6521320465169,35.4074160498295,39.6646472831441
"164",223,-1.84555346970328,26.2347954002508,0.121479990777116,20.7995789720527,21.643439608637,22.1227762690048,23.4746913052114,24.3664896691004,26.2347324946716,28.578204553517,30.177347455378,33.689590159293,35.4480058265472,39.7125245709435
"165",224,-1.84163444207797,26.2588271419629,0.121605159858793,20.8121922071987,21.6580731540949,22.1385309040448,23.4934672175474,24.3871139476806,26.2587649103095,28.6062287885522,30.2082116667663,33.7267613901683,35.4882724816233,39.7598686768752
"166",225,-1.83752097740548,26.2824329270546,0.121736245922287,20.8241911419085,21.6721116108324,22.1537026265949,23.5117004950774,24.4072278673681,26.2823714452592,28.6339252554221,30.2387889001025,33.7636601096938,35.5282340979736,39.8067116391201
"167",226,-1.8332208273158,26.3056233948647,0.121873156924137,20.8355890064394,21.6855679492577,22.1683042475861,23.5294034221284,24.4268432750161,26.3055627330506,28.6613036610539,30.2690892390099,33.8003001985549,35.5679080653198,39.8530842511325
"168",227,-1.82874154445547,26.3284092989184,0.122015808295167,20.8463989173335,21.6984550144833,22.1823484517618,23.5465881819001,24.4459719597913,26.3283495214527,28.6883740573229,30.2991232088796,33.8366960472737,35.6073122531778,39.8990175592717
"169",228,-1.82408970437041,26.3508010350481,0.12216411753367,20.8566329450025,21.7107848813911,22.1958472894673,23.5632666067529,24.4646254515942,26.3507422008545,28.7151457903716,30.328900411651,33.8728605897502,35.6464627395364,39.9445397246078
